RenderName,Username,Ipv4,Config
Render 1,backburner,192.168.0.50,0
Render 2,backburner,192.168.0.50,0
Render 12,backburner,192.168.0.50,0
Render 13,backburner,192.168.0.50,0
Render 19,backburner,render-19,0
Render 20,backburner,render-20,0
Render 21,backburner,render-21,0
Render 23,backburner,render-23,0
Render 24,backburner,render-24,0
Render 25,backburner,render-25,0
Render 26,backburner,render-26,0
Render 27,backburner,render-27,0
Render 28,backburner,render-28,0
Render 29,backburner,render-29,0
Render 30,backburner,render-30,0
Render 31,backburner,render-31,0
Render 32,backburner,render-32,0
Render 33,backburner,render-33,0
Render 34,backburner,render-34,0
Render 35,backburner,render-35,0
Render 36,backburner,10.1.5.36,0
Render 37,backburner,10.1.5.37,0
Render 38,backburner,10.1.5.38,0
Render 39,backburner,10.1.5.39,0
Render 40,backburner,render-46,0
Render 40,backburner,render-40,0
Render 41,backburner,render-41,0
Render 42,backburner,render-42,0
Render 43,backburner,render-43,0
Render 44,backburner,render-44,0
Render 45,backburner,render-45,0
Render 46,backburner,render-46,0
Render 47,backburner,render-47,0
Render 48,backburner,render-45,0
Render 48,backburner,render-48,0
Render 49,backburner,render-49,0
Render 50,backburner,render-50,0
Render 51,backburner,render-51,0
Render 52,backburner,10.1.5.52,0
Render 54,backburner,RENDER-54,0
