RenderName,Username,Ipv4,Config,ON
Render 19,backburner,render-19,1,0
Render 20,backburner,render-20,1,0
Render 21,backburner,render-21,1,0
Render 23,backburner,render-23,1,0
Render 24,backburner,render-24,1,0
Render 25,backburner,render-25,1,0
Render 26,backburner,render-26,1,0
Render 27,backburner,render-27,1,0
Render 28,backburner,render-28,1,0
Render 29,backburner,render-29,1,0
Render 30,backburner,render-30,1,0
Render 31,backburner,render-31,1,0
Render 32,backburner,render-32,1,0
Render 33,backburner,render-33,1,0
Render 34,backburner,render-34,1,0
Render 35,backburner,render-35,1,0
Render 36,backburner,10.1.5.36,1,0
Render 37,backburner,10.1.5.37,1,0
Render 38,backburner,10.1.5.38,1,0
Render 39,backburner,10.1.5.39,1,0
Render 40,backburner,render-40,1,0
Render 41,backburner,render-41,1,0
Render 42,backburner,render-42,1,0
Render 43,backburner,render-43,1,0
Render 44,backburner,render-44,1,0
Render 45,backburner,render-45,1,0
Render 46,backburner,render-46,1,0
Render 47,backburner,render-47,1,0
Render 48,backburner,render-48,1,0
Render 49,backburner,render-49,1,0
Render 50,backburner,render-50,1,0
Render 51,backburner,render-51,1,0
Render 52,backburner,10.1.5.52,1,0
Render 54,backburner,RENDER-54,1,0
